id,user_id,leave_type,start_date,end_date,days_requested,reason,status,created_at
1,3,emergency,2025-02-01,2025-02-04,4,Synthetic data for demo,approved,2025-01-15
2,12,emergency,2025-02-01,2025-02-02,2,Synthetic data for demo,pending,2025-01-27
3,114,sick,2025-02-01,2025-02-02,2,Synthetic data for demo,rejected,2025-01-15
4,19,annual,2025-02-02,2025-02-02,1,Synthetic data for demo,approved,2025-01-29
5,2,vacation,2025-02-03,2025-02-04,2,Synthetic data for demo,approved,2025-01-31
6,117,personal,2025-02-03,2025-02-03,1,Synthetic data for demo,approved,2025-01-19
7,70,sick,2025-02-03,2025-02-07,5,Synthetic data for demo,rejected,2025-01-18
8,11,sick,2025-02-03,2025-02-06,4,Synthetic data for demo,approved,2025-01-23
9,112,vacation,2025-02-03,2025-02-07,5,Synthetic data for demo,approved,2025-01-28
10,72,personal,2025-02-04,2025-02-06,3,Synthetic data for demo,approved,2025-01-21
11,17,vacation,2025-02-04,2025-02-04,1,Synthetic data for demo,approved,2025-01-16
12,22,annual,2025-02-04,2025-02-08,5,Synthetic data for demo,approved,2025-01-22
13,95,sick,2025-02-04,2025-02-07,4,Synthetic data for demo,rejected,2025-02-01
14,92,annual,2025-02-05,2025-02-08,4,Synthetic data for demo,approved,2025-01-30
15,50,vacation,2025-02-05,2025-02-09,5,Synthetic data for demo,approved,2025-01-27
16,33,emergency,2025-02-06,2025-02-07,2,Synthetic data for demo,rejected,2025-01-18
17,13,sick,2025-02-06,2025-02-08,3,Synthetic data for demo,approved,2025-01-25
18,111,sick,2025-02-07,2025-02-07,1,Synthetic data for demo,approved,2025-02-01
19,55,sick,2025-02-07,2025-02-07,1,Synthetic data for demo,approved,2025-02-03
20,21,sick,2025-02-07,2025-02-09,3,Synthetic data for demo,approved,2025-01-26
21,97,vacation,2025-02-07,2025-02-08,2,Synthetic data for demo,approved,2025-01-24
22,106,sick,2025-02-08,2025-02-12,5,Synthetic data for demo,approved,2025-02-03
23,1,personal,2025-02-09,2025-02-10,2,Synthetic data for demo,approved,2025-02-07
24,101,sick,2025-02-09,2025-02-11,3,Synthetic data for demo,approved,2025-01-22
25,65,personal,2025-02-10,2025-02-14,5,Synthetic data for demo,approved,2025-01-24
26,95,personal,2025-02-10,2025-02-11,2,Synthetic data for demo,approved,2025-02-08
27,17,vacation,2025-02-10,2025-02-10,1,Synthetic data for demo,approved,2025-02-02
28,41,vacation,2025-02-10,2025-02-11,2,Synthetic data for demo,approved,2025-02-01
29,46,emergency,2025-02-10,2025-02-11,2,Synthetic data for demo,pending,2025-02-04
30,81,vacation,2025-02-10,2025-02-14,5,Synthetic data for demo,approved,2025-02-01
31,65,annual,2025-02-10,2025-02-12,3,Synthetic data for demo,rejected,2025-01-28
32,67,personal,2025-02-10,2025-02-12,3,Synthetic data for demo,approved,2025-02-06
33,89,sick,2025-02-10,2025-02-12,3,Synthetic data for demo,pending,2025-01-27
34,75,sick,2025-02-12,2025-02-15,4,Synthetic data for demo,pending,2025-01-29
35,17,personal,2025-02-13,2025-02-13,1,Synthetic data for demo,approved,2025-02-11
36,21,personal,2025-02-13,2025-02-13,1,Synthetic data for demo,approved,2025-02-03
37,56,personal,2025-02-13,2025-02-16,4,Synthetic data for demo,rejected,2025-01-29
38,63,personal,2025-02-13,2025-02-15,3,Synthetic data for demo,pending,2025-01-27
39,15,sick,2025-02-13,2025-02-16,4,Synthetic data for demo,approved,2025-02-11
40,88,annual,2025-02-13,2025-02-15,3,Synthetic data for demo,approved,2025-01-30
41,64,sick,2025-02-14,2025-02-15,2,Synthetic data for demo,approved,2025-02-12
42,113,vacation,2025-02-14,2025-02-17,4,Synthetic data for demo,rejected,2025-02-06
43,22,annual,2025-02-14,2025-02-16,3,Synthetic data for demo,rejected,2025-02-02
44,58,vacation,2025-02-14,2025-02-17,4,Synthetic data for demo,rejected,2025-01-26
45,33,personal,2025-02-15,2025-02-19,5,Synthetic data for demo,approved,2025-02-05
46,71,vacation,2025-02-16,2025-02-19,4,Synthetic data for demo,approved,2025-01-31
47,111,annual,2025-02-17,2025-02-19,3,Synthetic data for demo,pending,2025-02-14
48,6,vacation,2025-02-17,2025-02-21,5,Synthetic data for demo,rejected,2025-02-16
49,13,unpaid,2025-02-17,2025-02-17,1,Synthetic data for demo,approved,2025-02-04
50,75,annual,2025-02-17,2025-02-17,1,Synthetic data for demo,approved,2025-02-12
51,29,sick,2025-02-18,2025-02-18,1,Synthetic data for demo,approved,2025-01-31
52,73,annual,2025-02-21,2025-02-25,5,Synthetic data for demo,rejected,2025-02-16
53,30,annual,2025-02-21,2025-02-21,1,Synthetic data for demo,pending,2025-02-18
54,93,sick,2025-02-22,2025-02-22,1,Synthetic data for demo,approved,2025-02-19
55,65,personal,2025-02-22,2025-02-25,4,Synthetic data for demo,pending,2025-02-13
56,19,emergency,2025-02-23,2025-02-25,3,Synthetic data for demo,approved,2025-02-04
57,62,personal,2025-02-23,2025-02-23,1,Synthetic data for demo,approved,2025-02-18
58,45,sick,2025-02-24,2025-02-24,1,Synthetic data for demo,pending,2025-02-12
59,56,annual,2025-02-24,2025-02-25,2,Synthetic data for demo,approved,2025-02-11
60,54,annual,2025-02-24,2025-02-24,1,Synthetic data for demo,approved,2025-02-16
61,70,personal,2025-02-25,2025-02-28,4,Synthetic data for demo,approved,2025-02-17
62,16,sick,2025-02-25,2025-02-25,1,Synthetic data for demo,approved,2025-02-23
63,37,vacation,2025-02-25,2025-02-28,4,Synthetic data for demo,approved,2025-02-13
64,114,vacation,2025-02-26,2025-02-28,3,Synthetic data for demo,approved,2025-02-20
65,51,vacation,2025-02-26,2025-02-26,1,Synthetic data for demo,approved,2025-02-21
66,30,personal,2025-02-27,2025-03-02,4,Synthetic data for demo,approved,2025-02-16
67,76,vacation,2025-02-27,2025-03-03,5,Synthetic data for demo,rejected,2025-02-17
68,67,annual,2025-02-27,2025-03-03,5,Synthetic data for demo,approved,2025-02-13
69,63,annual,2025-02-27,2025-02-28,2,Synthetic data for demo,rejected,2025-02-21
70,9,annual,2025-02-28,2025-03-04,5,Synthetic data for demo,approved,2025-02-26
71,68,sick,2025-02-28,2025-03-01,2,Synthetic data for demo,approved,2025-02-26
72,90,personal,2025-03-02,2025-03-05,4,Synthetic data for demo,approved,2025-02-27
73,61,unpaid,2025-03-02,2025-03-06,5,Synthetic data for demo,rejected,2025-02-21
74,38,emergency,2025-03-02,2025-03-02,1,Synthetic data for demo,approved,2025-02-16
75,26,personal,2025-03-03,2025-03-05,3,Synthetic data for demo,approved,2025-02-27
76,51,unpaid,2025-03-03,2025-03-07,5,Synthetic data for demo,approved,2025-02-27
77,101,unpaid,2025-03-03,2025-03-06,4,Synthetic data for demo,approved,2025-02-28
78,101,vacation,2025-03-04,2025-03-07,4,Synthetic data for demo,approved,2025-02-14
79,19,vacation,2025-03-05,2025-03-05,1,Synthetic data for demo,approved,2025-02-27
80,120,vacation,2025-03-05,2025-03-07,3,Synthetic data for demo,approved,2025-02-27
81,30,vacation,2025-03-06,2025-03-09,4,Synthetic data for demo,approved,2025-02-23
82,112,vacation,2025-03-06,2025-03-10,5,Synthetic data for demo,rejected,2025-02-20
83,103,personal,2025-03-06,2025-03-08,3,Synthetic data for demo,approved,2025-02-16
84,15,vacation,2025-03-06,2025-03-10,5,Synthetic data for demo,approved,2025-02-17
85,64,sick,2025-03-06,2025-03-06,1,Synthetic data for demo,pending,2025-02-26
86,41,sick,2025-03-07,2025-03-08,2,Synthetic data for demo,pending,2025-03-06
87,83,vacation,2025-03-07,2025-03-09,3,Synthetic data for demo,approved,2025-02-24
88,1,unpaid,2025-03-08,2025-03-12,5,Synthetic data for demo,approved,2025-02-24
89,119,annual,2025-03-08,2025-03-11,4,Synthetic data for demo,rejected,2025-03-02
90,116,emergency,2025-03-09,2025-03-13,5,Synthetic data for demo,approved,2025-02-28
91,116,unpaid,2025-03-09,2025-03-12,4,Synthetic data for demo,pending,2025-03-06
92,36,annual,2025-03-10,2025-03-10,1,Synthetic data for demo,approved,2025-02-21
93,119,vacation,2025-03-10,2025-03-11,2,Synthetic data for demo,approved,2025-02-19
94,9,sick,2025-03-10,2025-03-13,4,Synthetic data for demo,approved,2025-02-27
95,97,annual,2025-03-10,2025-03-12,3,Synthetic data for demo,approved,2025-02-22
96,45,emergency,2025-03-11,2025-03-11,1,Synthetic data for demo,rejected,2025-02-26
97,93,vacation,2025-03-12,2025-03-12,1,Synthetic data for demo,pending,2025-02-28
98,54,personal,2025-03-12,2025-03-12,1,Synthetic data for demo,approved,2025-03-01
99,4,vacation,2025-03-12,2025-03-15,4,Synthetic data for demo,approved,2025-02-22
100,94,vacation,2025-03-13,2025-03-17,5,Synthetic data for demo,approved,2025-03-04
101,48,vacation,2025-03-13,2025-03-15,3,Synthetic data for demo,approved,2025-02-24
102,42,emergency,2025-03-14,2025-03-16,3,Synthetic data for demo,pending,2025-02-26
103,77,vacation,2025-03-14,2025-03-15,2,Synthetic data for demo,approved,2025-03-11
104,69,sick,2025-03-15,2025-03-15,1,Synthetic data for demo,approved,2025-03-08
105,43,sick,2025-03-15,2025-03-16,2,Synthetic data for demo,approved,2025-02-24
106,77,vacation,2025-03-15,2025-03-17,3,Synthetic data for demo,pending,2025-03-07
107,116,personal,2025-03-15,2025-03-18,4,Synthetic data for demo,approved,2025-03-08
108,108,vacation,2025-03-15,2025-03-17,3,Synthetic data for demo,pending,2025-03-08
109,103,vacation,2025-03-16,2025-03-17,2,Synthetic data for demo,approved,2025-03-09
110,105,vacation,2025-03-16,2025-03-16,1,Synthetic data for demo,rejected,2025-03-05
111,71,vacation,2025-03-16,2025-03-19,4,Synthetic data for demo,approved,2025-02-25
112,120,emergency,2025-03-16,2025-03-17,2,Synthetic data for demo,pending,2025-02-28
113,13,personal,2025-03-17,2025-03-18,2,Synthetic data for demo,approved,2025-02-26
114,113,sick,2025-03-17,2025-03-19,3,Synthetic data for demo,pending,2025-03-02
115,13,sick,2025-03-17,2025-03-17,1,Synthetic data for demo,approved,2025-03-12
116,6,sick,2025-03-18,2025-03-18,1,Synthetic data for demo,approved,2025-03-03
117,8,emergency,2025-03-18,2025-03-20,3,Synthetic data for demo,approved,2025-03-14
118,35,annual,2025-03-19,2025-03-19,1,Synthetic data for demo,approved,2025-03-16
119,61,vacation,2025-03-19,2025-03-19,1,Synthetic data for demo,approved,2025-03-12
120,72,vacation,2025-03-20,2025-03-21,2,Synthetic data for demo,approved,2025-03-13
121,28,vacation,2025-03-20,2025-03-21,2,Synthetic data for demo,approved,2025-03-02
122,60,emergency,2025-03-20,2025-03-22,3,Synthetic data for demo,approved,2025-03-08
123,11,sick,2025-03-21,2025-03-21,1,Synthetic data for demo,approved,2025-03-18
124,14,personal,2025-03-21,2025-03-23,3,Synthetic data for demo,approved,2025-03-16
125,34,personal,2025-03-22,2025-03-26,5,Synthetic data for demo,approved,2025-03-04
126,93,annual,2025-03-22,2025-03-23,2,Synthetic data for demo,pending,2025-03-17
127,89,vacation,2025-03-23,2025-03-27,5,Synthetic data for demo,rejected,2025-03-20
128,73,sick,2025-03-23,2025-03-25,3,Synthetic data for demo,approved,2025-03-15
129,99,sick,2025-03-23,2025-03-23,1,Synthetic data for demo,approved,2025-03-15
130,102,emergency,2025-03-24,2025-03-27,4,Synthetic data for demo,approved,2025-03-21
131,107,personal,2025-03-24,2025-03-25,2,Synthetic data for demo,approved,2025-03-21
132,96,unpaid,2025-03-25,2025-03-27,3,Synthetic data for demo,approved,2025-03-07
133,2,annual,2025-03-26,2025-03-26,1,Synthetic data for demo,approved,2025-03-09
134,20,vacation,2025-03-26,2025-03-29,4,Synthetic data for demo,approved,2025-03-17
135,72,personal,2025-03-27,2025-03-27,1,Synthetic data for demo,pending,2025-03-22
136,101,personal,2025-03-27,2025-03-28,2,Synthetic data for demo,approved,2025-03-17
137,48,emergency,2025-03-27,2025-03-29,3,Synthetic data for demo,approved,2025-03-13
138,96,personal,2025-03-28,2025-03-30,3,Synthetic data for demo,approved,2025-03-20
139,93,vacation,2025-03-28,2025-04-01,5,Synthetic data for demo,approved,2025-03-19
140,18,unpaid,2025-03-28,2025-03-29,2,Synthetic data for demo,approved,2025-03-24
141,111,annual,2025-03-28,2025-04-01,5,Synthetic data for demo,approved,2025-03-21
142,57,emergency,2025-03-28,2025-03-31,4,Synthetic data for demo,approved,2025-03-11
143,54,annual,2025-03-29,2025-03-29,1,Synthetic data for demo,pending,2025-03-12
144,96,sick,2025-03-29,2025-03-29,1,Synthetic data for demo,rejected,2025-03-25
145,55,unpaid,2025-03-29,2025-03-29,1,Synthetic data for demo,approved,2025-03-13
146,87,annual,2025-03-29,2025-04-01,4,Synthetic data for demo,approved,2025-03-21
147,70,vacation,2025-03-30,2025-04-03,5,Synthetic data for demo,approved,2025-03-23
148,46,vacation,2025-03-30,2025-04-02,4,Synthetic data for demo,approved,2025-03-27
149,37,vacation,2025-03-30,2025-04-02,4,Synthetic data for demo,pending,2025-03-16
150,57,annual,2025-03-31,2025-04-03,4,Synthetic data for demo,approved,2025-03-21
151,25,vacation,2025-04-01,2025-04-03,3,Synthetic data for demo,approved,2025-03-27
152,29,vacation,2025-04-02,2025-04-03,2,Synthetic data for demo,rejected,2025-03-27
153,106,annual,2025-04-02,2025-04-02,1,Synthetic data for demo,pending,2025-03-14
154,43,sick,2025-04-02,2025-04-06,5,Synthetic data for demo,approved,2025-03-15
155,37,personal,2025-04-02,2025-04-04,3,Synthetic data for demo,rejected,2025-03-31
156,10,sick,2025-04-03,2025-04-04,2,Synthetic data for demo,pending,2025-03-26
157,71,emergency,2025-04-03,2025-04-06,4,Synthetic data for demo,approved,2025-03-28
158,113,sick,2025-04-04,2025-04-05,2,Synthetic data for demo,approved,2025-03-17
159,47,annual,2025-04-04,2025-04-05,2,Synthetic data for demo,approved,2025-03-22
160,50,vacation,2025-04-04,2025-04-04,1,Synthetic data for demo,rejected,2025-03-30
161,17,annual,2025-04-04,2025-04-08,5,Synthetic data for demo,approved,2025-03-24
162,64,vacation,2025-04-04,2025-04-05,2,Synthetic data for demo,approved,2025-03-30
163,48,vacation,2025-04-05,2025-04-07,3,Synthetic data for demo,approved,2025-03-29
164,16,annual,2025-04-05,2025-04-05,1,Synthetic data for demo,pending,2025-03-26
165,18,personal,2025-04-05,2025-04-05,1,Synthetic data for demo,approved,2025-04-01
166,31,sick,2025-04-05,2025-04-06,2,Synthetic data for demo,pending,2025-04-02
167,1,personal,2025-04-05,2025-04-06,2,Synthetic data for demo,approved,2025-03-17
168,49,unpaid,2025-04-06,2025-04-06,1,Synthetic data for demo,rejected,2025-03-21
169,111,vacation,2025-04-07,2025-04-09,3,Synthetic data for demo,approved,2025-04-06
170,7,personal,2025-04-07,2025-04-10,4,Synthetic data for demo,rejected,2025-03-25
171,96,sick,2025-04-07,2025-04-08,2,Synthetic data for demo,approved,2025-03-20
172,67,vacation,2025-04-08,2025-04-12,5,Synthetic data for demo,approved,2025-03-31
173,55,vacation,2025-04-10,2025-04-10,1,Synthetic data for demo,approved,2025-03-23
174,57,annual,2025-04-11,2025-04-13,3,Synthetic data for demo,approved,2025-04-04
175,11,annual,2025-04-11,2025-04-14,4,Synthetic data for demo,approved,2025-03-23
176,54,annual,2025-04-11,2025-04-14,4,Synthetic data for demo,pending,2025-03-27
177,55,personal,2025-04-11,2025-04-13,3,Synthetic data for demo,approved,2025-04-04
178,114,personal,2025-04-12,2025-04-12,1,Synthetic data for demo,approved,2025-03-29
179,88,vacation,2025-04-12,2025-04-16,5,Synthetic data for demo,approved,2025-04-04
180,42,sick,2025-04-13,2025-04-14,2,Synthetic data for demo,approved,2025-03-31
181,88,sick,2025-04-13,2025-04-16,4,Synthetic data for demo,approved,2025-03-28
182,21,vacation,2025-04-14,2025-04-14,1,Synthetic data for demo,approved,2025-04-08
183,35,emergency,2025-04-14,2025-04-18,5,Synthetic data for demo,approved,2025-03-27
184,116,emergency,2025-04-14,2025-04-16,3,Synthetic data for demo,pending,2025-04-02
185,74,vacation,2025-04-14,2025-04-15,2,Synthetic data for demo,approved,2025-04-02
186,65,annual,2025-04-15,2025-04-17,3,Synthetic data for demo,approved,2025-04-08
187,54,annual,2025-04-15,2025-04-19,5,Synthetic data for demo,approved,2025-03-29
188,103,vacation,2025-04-15,2025-04-17,3,Synthetic data for demo,approved,2025-03-30
189,41,annual,2025-04-16,2025-04-17,2,Synthetic data for demo,approved,2025-04-01
190,76,vacation,2025-04-16,2025-04-18,3,Synthetic data for demo,approved,2025-04-03
191,35,vacation,2025-04-16,2025-04-18,3,Synthetic data for demo,approved,2025-04-04
192,35,annual,2025-04-16,2025-04-17,2,Synthetic data for demo,pending,2025-04-05
193,21,sick,2025-04-16,2025-04-16,1,Synthetic data for demo,rejected,2025-04-09
194,84,sick,2025-04-17,2025-04-20,4,Synthetic data for demo,approved,2025-04-08
195,4,personal,2025-04-18,2025-04-20,3,Synthetic data for demo,pending,2025-04-12
196,118,sick,2025-04-18,2025-04-22,5,Synthetic data for demo,rejected,2025-04-15
197,30,annual,2025-04-18,2025-04-19,2,Synthetic data for demo,approved,2025-04-09
198,14,personal,2025-04-19,2025-04-20,2,Synthetic data for demo,approved,2025-04-09
199,96,unpaid,2025-04-19,2025-04-22,4,Synthetic data for demo,pending,2025-04-18
200,22,sick,2025-04-21,2025-04-23,3,Synthetic data for demo,approved,2025-04-06
201,43,annual,2025-04-21,2025-04-24,4,Synthetic data for demo,rejected,2025-04-05
202,113,vacation,2025-04-21,2025-04-23,3,Synthetic data for demo,rejected,2025-04-07
203,97,vacation,2025-04-21,2025-04-22,2,Synthetic data for demo,approved,2025-04-04
204,69,sick,2025-04-21,2025-04-25,5,Synthetic data for demo,approved,2025-04-15
205,41,annual,2025-04-25,2025-04-28,4,Synthetic data for demo,approved,2025-04-24
206,18,annual,2025-04-25,2025-04-26,2,Synthetic data for demo,approved,2025-04-09
207,55,sick,2025-04-25,2025-04-29,5,Synthetic data for demo,approved,2025-04-14
208,89,vacation,2025-04-25,2025-04-26,2,Synthetic data for demo,approved,2025-04-10
209,50,sick,2025-04-26,2025-04-27,2,Synthetic data for demo,rejected,2025-04-07
210,15,sick,2025-04-26,2025-04-27,2,Synthetic data for demo,approved,2025-04-22
211,119,vacation,2025-04-27,2025-04-30,4,Synthetic data for demo,approved,2025-04-23
212,106,unpaid,2025-04-27,2025-05-01,5,Synthetic data for demo,approved,2025-04-10
213,75,personal,2025-04-27,2025-04-28,2,Synthetic data for demo,approved,2025-04-22
214,64,personal,2025-04-28,2025-04-28,1,Synthetic data for demo,approved,2025-04-16
215,32,vacation,2025-04-28,2025-04-29,2,Synthetic data for demo,rejected,2025-04-13
216,42,vacation,2025-04-28,2025-04-30,3,Synthetic data for demo,approved,2025-04-25
217,63,vacation,2025-04-28,2025-04-30,3,Synthetic data for demo,approved,2025-04-17
218,102,sick,2025-04-28,2025-04-28,1,Synthetic data for demo,approved,2025-04-16
219,108,personal,2025-04-28,2025-05-01,4,Synthetic data for demo,pending,2025-04-24
220,41,personal,2025-04-29,2025-04-30,2,Synthetic data for demo,approved,2025-04-23
221,82,sick,2025-04-29,2025-05-03,5,Synthetic data for demo,approved,2025-04-27
222,13,sick,2025-04-29,2025-05-01,3,Synthetic data for demo,approved,2025-04-16
223,104,sick,2025-04-30,2025-05-02,3,Synthetic data for demo,approved,2025-04-23
224,97,annual,2025-05-01,2025-05-05,5,Synthetic data for demo,approved,2025-04-16
225,56,sick,2025-05-02,2025-05-05,4,Synthetic data for demo,pending,2025-04-13
226,91,vacation,2025-05-03,2025-05-03,1,Synthetic data for demo,pending,2025-04-26
227,11,annual,2025-05-03,2025-05-05,3,Synthetic data for demo,approved,2025-04-17
228,118,vacation,2025-05-03,2025-05-05,3,Synthetic data for demo,pending,2025-04-23
229,57,vacation,2025-05-04,2025-05-04,1,Synthetic data for demo,approved,2025-04-15
230,13,annual,2025-05-04,2025-05-04,1,Synthetic data for demo,approved,2025-04-22
231,112,annual,2025-05-05,2025-05-08,4,Synthetic data for demo,approved,2025-04-27
232,33,personal,2025-05-05,2025-05-07,3,Synthetic data for demo,approved,2025-04-29
233,80,personal,2025-05-05,2025-05-06,2,Synthetic data for demo,approved,2025-04-28
234,37,emergency,2025-05-06,2025-05-06,1,Synthetic data for demo,approved,2025-04-19
235,26,annual,2025-05-07,2025-05-11,5,Synthetic data for demo,approved,2025-04-19
236,13,sick,2025-05-07,2025-05-10,4,Synthetic data for demo,pending,2025-04-20
237,48,sick,2025-05-08,2025-05-12,5,Synthetic data for demo,approved,2025-04-25
238,10,emergency,2025-05-08,2025-05-08,1,Synthetic data for demo,pending,2025-05-03
239,69,vacation,2025-05-09,2025-05-12,4,Synthetic data for demo,pending,2025-04-20
240,45,personal,2025-05-09,2025-05-09,1,Synthetic data for demo,approved,2025-05-03
241,112,annual,2025-05-10,2025-05-12,3,Synthetic data for demo,approved,2025-05-07
242,13,annual,2025-05-10,2025-05-12,3,Synthetic data for demo,approved,2025-04-30
243,77,personal,2025-05-10,2025-05-14,5,Synthetic data for demo,approved,2025-04-22
244,45,vacation,2025-05-10,2025-05-10,1,Synthetic data for demo,rejected,2025-05-07
245,27,vacation,2025-05-10,2025-05-14,5,Synthetic data for demo,approved,2025-04-26
246,105,sick,2025-05-10,2025-05-14,5,Synthetic data for demo,approved,2025-04-30
247,76,vacation,2025-05-11,2025-05-14,4,Synthetic data for demo,approved,2025-05-08
248,54,sick,2025-05-12,2025-05-12,1,Synthetic data for demo,approved,2025-05-08
249,12,annual,2025-05-12,2025-05-12,1,Synthetic data for demo,rejected,2025-05-04
250,50,sick,2025-05-12,2025-05-16,5,Synthetic data for demo,approved,2025-04-23
251,105,sick,2025-05-13,2025-05-14,2,Synthetic data for demo,pending,2025-05-02
252,58,sick,2025-05-13,2025-05-17,5,Synthetic data for demo,rejected,2025-05-02
253,37,annual,2025-05-14,2025-05-17,4,Synthetic data for demo,approved,2025-04-28
254,65,annual,2025-05-16,2025-05-20,5,Synthetic data for demo,approved,2025-05-05
255,96,sick,2025-05-16,2025-05-18,3,Synthetic data for demo,pending,2025-05-10
256,38,sick,2025-05-16,2025-05-18,3,Synthetic data for demo,pending,2025-05-10
257,111,personal,2025-05-18,2025-05-21,4,Synthetic data for demo,approved,2025-04-29
258,108,unpaid,2025-05-18,2025-05-20,3,Synthetic data for demo,approved,2025-05-04
259,55,vacation,2025-05-18,2025-05-20,3,Synthetic data for demo,approved,2025-05-14
260,47,sick,2025-05-18,2025-05-21,4,Synthetic data for demo,rejected,2025-05-16
261,87,annual,2025-05-18,2025-05-20,3,Synthetic data for demo,approved,2025-05-16
262,5,sick,2025-05-18,2025-05-22,5,Synthetic data for demo,pending,2025-05-14
263,113,unpaid,2025-05-19,2025-05-19,1,Synthetic data for demo,approved,2025-05-14
264,43,sick,2025-05-19,2025-05-19,1,Synthetic data for demo,approved,2025-05-16
265,69,annual,2025-05-19,2025-05-20,2,Synthetic data for demo,approved,2025-05-08
266,79,annual,2025-05-20,2025-05-24,5,Synthetic data for demo,approved,2025-05-17
267,11,vacation,2025-05-20,2025-05-22,3,Synthetic data for demo,pending,2025-05-11
268,74,personal,2025-05-21,2025-05-22,2,Synthetic data for demo,approved,2025-05-17
269,53,vacation,2025-05-21,2025-05-24,4,Synthetic data for demo,approved,2025-05-07
270,86,sick,2025-05-21,2025-05-25,5,Synthetic data for demo,approved,2025-05-09
271,60,unpaid,2025-05-22,2025-05-22,1,Synthetic data for demo,approved,2025-05-12
272,111,sick,2025-05-22,2025-05-24,3,Synthetic data for demo,approved,2025-05-17
273,72,vacation,2025-05-23,2025-05-27,5,Synthetic data for demo,pending,2025-05-17
274,58,sick,2025-05-23,2025-05-27,5,Synthetic data for demo,approved,2025-05-07
275,37,emergency,2025-05-24,2025-05-25,2,Synthetic data for demo,approved,2025-05-06
276,116,vacation,2025-05-24,2025-05-26,3,Synthetic data for demo,rejected,2025-05-15
277,45,emergency,2025-05-24,2025-05-26,3,Synthetic data for demo,approved,2025-05-13
278,26,emergency,2025-05-24,2025-05-25,2,Synthetic data for demo,approved,2025-05-21
279,68,annual,2025-05-25,2025-05-25,1,Synthetic data for demo,approved,2025-05-19
280,24,vacation,2025-05-25,2025-05-26,2,Synthetic data for demo,pending,2025-05-14
281,88,emergency,2025-05-25,2025-05-28,4,Synthetic data for demo,approved,2025-05-10
282,47,vacation,2025-05-26,2025-05-27,2,Synthetic data for demo,approved,2025-05-12
283,67,emergency,2025-05-26,2025-05-26,1,Synthetic data for demo,approved,2025-05-24
284,41,sick,2025-05-27,2025-05-28,2,Synthetic data for demo,approved,2025-05-20
285,48,vacation,2025-05-27,2025-05-31,5,Synthetic data for demo,approved,2025-05-12
286,23,sick,2025-05-27,2025-05-28,2,Synthetic data for demo,approved,2025-05-13
287,37,vacation,2025-05-27,2025-05-31,5,Synthetic data for demo,rejected,2025-05-22
288,8,vacation,2025-05-27,2025-05-31,5,Synthetic data for demo,approved,2025-05-26
289,105,sick,2025-05-28,2025-05-30,3,Synthetic data for demo,approved,2025-05-18
290,60,personal,2025-05-28,2025-05-30,3,Synthetic data for demo,approved,2025-05-15
291,101,sick,2025-05-28,2025-05-31,4,Synthetic data for demo,rejected,2025-05-23
292,9,unpaid,2025-05-28,2025-06-01,5,Synthetic data for demo,pending,2025-05-25
293,107,vacation,2025-05-28,2025-05-28,1,Synthetic data for demo,approved,2025-05-20
294,99,annual,2025-05-28,2025-05-31,4,Synthetic data for demo,approved,2025-05-09
295,67,sick,2025-05-29,2025-06-01,4,Synthetic data for demo,pending,2025-05-27
296,22,annual,2025-05-30,2025-06-03,5,Synthetic data for demo,pending,2025-05-24
297,93,emergency,2025-05-30,2025-05-30,1,Synthetic data for demo,rejected,2025-05-22
298,29,vacation,2025-05-30,2025-05-31,2,Synthetic data for demo,approved,2025-05-11
299,1,vacation,2025-05-30,2025-06-01,3,Synthetic data for demo,approved,2025-05-15
300,94,annual,2025-05-30,2025-06-01,3,Synthetic data for demo,rejected,2025-05-22
301,69,unpaid,2025-05-31,2025-06-02,3,Synthetic data for demo,approved,2025-05-27
302,25,vacation,2025-06-01,2025-06-02,2,Synthetic data for demo,approved,2025-05-17
303,29,sick,2025-06-01,2025-06-01,1,Synthetic data for demo,approved,2025-05-23
304,30,vacation,2025-06-02,2025-06-06,5,Synthetic data for demo,rejected,2025-05-31
305,91,sick,2025-06-02,2025-06-04,3,Synthetic data for demo,approved,2025-05-24
306,21,vacation,2025-06-02,2025-06-02,1,Synthetic data for demo,approved,2025-05-29
307,96,annual,2025-06-02,2025-06-04,3,Synthetic data for demo,approved,2025-05-17
308,73,vacation,2025-06-02,2025-06-03,2,Synthetic data for demo,approved,2025-06-01
309,114,vacation,2025-06-02,2025-06-06,5,Synthetic data for demo,rejected,2025-05-28
310,11,personal,2025-06-03,2025-06-03,1,Synthetic data for demo,rejected,2025-05-30
311,26,annual,2025-06-04,2025-06-06,3,Synthetic data for demo,approved,2025-05-29
312,65,sick,2025-06-04,2025-06-07,4,Synthetic data for demo,rejected,2025-05-31
313,113,emergency,2025-06-04,2025-06-08,5,Synthetic data for demo,pending,2025-05-26
314,23,emergency,2025-06-04,2025-06-06,3,Synthetic data for demo,rejected,2025-05-31
315,90,vacation,2025-06-05,2025-06-06,2,Synthetic data for demo,approved,2025-05-26
316,89,emergency,2025-06-06,2025-06-07,2,Synthetic data for demo,approved,2025-05-27
317,41,unpaid,2025-06-06,2025-06-09,4,Synthetic data for demo,rejected,2025-05-21
318,111,unpaid,2025-06-06,2025-06-07,2,Synthetic data for demo,approved,2025-05-30
319,80,unpaid,2025-06-06,2025-06-08,3,Synthetic data for demo,approved,2025-05-25
320,50,annual,2025-06-06,2025-06-06,1,Synthetic data for demo,rejected,2025-05-31
321,73,unpaid,2025-06-06,2025-06-07,2,Synthetic data for demo,pending,2025-05-22
322,37,annual,2025-06-07,2025-06-11,5,Synthetic data for demo,approved,2025-06-06
323,111,personal,2025-06-07,2025-06-10,4,Synthetic data for demo,approved,2025-05-28
324,7,vacation,2025-06-07,2025-06-11,5,Synthetic data for demo,approved,2025-05-21
325,44,vacation,2025-06-08,2025-06-11,4,Synthetic data for demo,pending,2025-06-03
326,90,annual,2025-06-08,2025-06-09,2,Synthetic data for demo,approved,2025-06-03
327,4,annual,2025-06-09,2025-06-11,3,Synthetic data for demo,approved,2025-05-26
328,45,personal,2025-06-09,2025-06-12,4,Synthetic data for demo,approved,2025-06-06
329,54,personal,2025-06-09,2025-06-10,2,Synthetic data for demo,pending,2025-06-05
330,32,annual,2025-06-10,2025-06-14,5,Synthetic data for demo,pending,2025-05-25
331,40,sick,2025-06-10,2025-06-11,2,Synthetic data for demo,approved,2025-06-05
332,23,sick,2025-06-10,2025-06-10,1,Synthetic data for demo,pending,2025-06-08
333,9,personal,2025-06-12,2025-06-16,5,Synthetic data for demo,approved,2025-05-29
334,85,vacation,2025-06-12,2025-06-13,2,Synthetic data for demo,approved,2025-06-04
335,96,vacation,2025-06-12,2025-06-14,3,Synthetic data for demo,approved,2025-06-09
336,96,vacation,2025-06-12,2025-06-16,5,Synthetic data for demo,approved,2025-05-30
337,103,sick,2025-06-12,2025-06-16,5,Synthetic data for demo,approved,2025-05-28
338,69,vacation,2025-06-13,2025-06-14,2,Synthetic data for demo,approved,2025-06-02
339,54,personal,2025-06-13,2025-06-16,4,Synthetic data for demo,approved,2025-06-06
340,84,emergency,2025-06-13,2025-06-15,3,Synthetic data for demo,approved,2025-05-31
341,91,vacation,2025-06-13,2025-06-15,3,Synthetic data for demo,approved,2025-05-25
342,27,vacation,2025-06-13,2025-06-17,5,Synthetic data for demo,approved,2025-05-29
343,10,annual,2025-06-14,2025-06-17,4,Synthetic data for demo,approved,2025-05-26
344,64,personal,2025-06-14,2025-06-18,5,Synthetic data for demo,approved,2025-05-30
345,50,vacation,2025-06-14,2025-06-16,3,Synthetic data for demo,pending,2025-06-07
346,60,vacation,2025-06-14,2025-06-18,5,Synthetic data for demo,approved,2025-05-26
347,18,sick,2025-06-15,2025-06-15,1,Synthetic data for demo,approved,2025-06-08
348,26,sick,2025-06-16,2025-06-18,3,Synthetic data for demo,pending,2025-05-28
349,21,personal,2025-06-16,2025-06-16,1,Synthetic data for demo,approved,2025-06-09
350,37,emergency,2025-06-16,2025-06-18,3,Synthetic data for demo,approved,2025-06-11
351,109,vacation,2025-06-17,2025-06-18,2,Synthetic data for demo,approved,2025-06-12
352,77,unpaid,2025-06-17,2025-06-19,3,Synthetic data for demo,pending,2025-06-14
353,64,personal,2025-06-17,2025-06-20,4,Synthetic data for demo,pending,2025-05-31
354,39,personal,2025-06-17,2025-06-18,2,Synthetic data for demo,rejected,2025-06-12
355,37,vacation,2025-06-18,2025-06-21,4,Synthetic data for demo,approved,2025-06-07
356,21,personal,2025-06-18,2025-06-20,3,Synthetic data for demo,approved,2025-06-05
357,90,vacation,2025-06-18,2025-06-20,3,Synthetic data for demo,approved,2025-06-11
358,52,annual,2025-06-18,2025-06-18,1,Synthetic data for demo,approved,2025-06-16
359,28,emergency,2025-06-18,2025-06-22,5,Synthetic data for demo,approved,2025-06-07
360,31,vacation,2025-06-19,2025-06-22,4,Synthetic data for demo,approved,2025-06-18
361,3,sick,2025-06-20,2025-06-24,5,Synthetic data for demo,approved,2025-06-15
362,54,vacation,2025-06-20,2025-06-21,2,Synthetic data for demo,rejected,2025-06-18
363,66,annual,2025-06-21,2025-06-21,1,Synthetic data for demo,approved,2025-06-08
364,19,emergency,2025-06-22,2025-06-22,1,Synthetic data for demo,pending,2025-06-10
365,44,vacation,2025-06-23,2025-06-26,4,Synthetic data for demo,approved,2025-06-22
366,58,sick,2025-06-23,2025-06-26,4,Synthetic data for demo,approved,2025-06-12
367,78,personal,2025-06-23,2025-06-26,4,Synthetic data for demo,rejected,2025-06-08
368,27,sick,2025-06-23,2025-06-26,4,Synthetic data for demo,approved,2025-06-11
369,73,vacation,2025-06-24,2025-06-26,3,Synthetic data for demo,approved,2025-06-15
370,53,annual,2025-06-25,2025-06-26,2,Synthetic data for demo,approved,2025-06-19
371,111,annual,2025-06-25,2025-06-27,3,Synthetic data for demo,rejected,2025-06-24
372,9,personal,2025-06-26,2025-06-30,5,Synthetic data for demo,approved,2025-06-16
373,51,personal,2025-06-26,2025-06-28,3,Synthetic data for demo,rejected,2025-06-23
374,86,emergency,2025-06-26,2025-06-26,1,Synthetic data for demo,rejected,2025-06-16
375,57,personal,2025-06-26,2025-06-28,3,Synthetic data for demo,pending,2025-06-20
376,27,vacation,2025-06-27,2025-06-29,3,Synthetic data for demo,rejected,2025-06-09
377,12,annual,2025-06-27,2025-06-28,2,Synthetic data for demo,approved,2025-06-23
378,103,vacation,2025-06-27,2025-06-29,3,Synthetic data for demo,pending,2025-06-15
379,55,emergency,2025-06-28,2025-06-28,1,Synthetic data for demo,approved,2025-06-22
380,9,vacation,2025-06-28,2025-07-01,4,Synthetic data for demo,approved,2025-06-13
381,62,annual,2025-06-28,2025-06-29,2,Synthetic data for demo,approved,2025-06-21
382,102,annual,2025-06-29,2025-07-02,4,Synthetic data for demo,approved,2025-06-19
383,33,emergency,2025-06-29,2025-06-29,1,Synthetic data for demo,approved,2025-06-18
384,35,sick,2025-06-29,2025-06-30,2,Synthetic data for demo,approved,2025-06-20
385,74,vacation,2025-06-30,2025-07-01,2,Synthetic data for demo,approved,2025-06-17
386,50,vacation,2025-06-30,2025-06-30,1,Synthetic data for demo,approved,2025-06-23
387,48,annual,2025-06-30,2025-06-30,1,Synthetic data for demo,approved,2025-06-22
388,25,sick,2025-06-30,2025-07-02,3,Synthetic data for demo,approved,2025-06-15
389,42,annual,2025-07-01,2025-07-05,5,Synthetic data for demo,approved,2025-06-13
390,93,personal,2025-07-02,2025-07-05,4,Synthetic data for demo,pending,2025-06-13
391,118,sick,2025-07-02,2025-07-03,2,Synthetic data for demo,approved,2025-06-23
392,12,sick,2025-07-03,2025-07-07,5,Synthetic data for demo,approved,2025-07-01
393,3,sick,2025-07-04,2025-07-04,1,Synthetic data for demo,pending,2025-06-15
394,32,personal,2025-07-04,2025-07-04,1,Synthetic data for demo,approved,2025-07-02
395,2,personal,2025-07-04,2025-07-08,5,Synthetic data for demo,pending,2025-06-15
396,32,personal,2025-07-04,2025-07-07,4,Synthetic data for demo,approved,2025-06-17
397,16,annual,2025-07-04,2025-07-05,2,Synthetic data for demo,approved,2025-06-27
398,64,sick,2025-07-05,2025-07-07,3,Synthetic data for demo,approved,2025-06-27
399,86,sick,2025-07-05,2025-07-08,4,Synthetic data for demo,approved,2025-06-27
400,32,emergency,2025-07-06,2025-07-08,3,Synthetic data for demo,approved,2025-06-27
401,109,vacation,2025-07-07,2025-07-10,4,Synthetic data for demo,approved,2025-07-06
402,67,vacation,2025-07-07,2025-07-07,1,Synthetic data for demo,rejected,2025-06-30
403,16,annual,2025-07-07,2025-07-11,5,Synthetic data for demo,approved,2025-06-19
404,14,personal,2025-07-08,2025-07-10,3,Synthetic data for demo,approved,2025-06-29
405,74,sick,2025-07-08,2025-07-08,1,Synthetic data for demo,approved,2025-06-20
406,32,sick,2025-07-08,2025-07-08,1,Synthetic data for demo,approved,2025-07-01
407,33,sick,2025-07-08,2025-07-09,2,Synthetic data for demo,approved,2025-07-02
408,42,sick,2025-07-09,2025-07-10,2,Synthetic data for demo,approved,2025-07-04
409,25,emergency,2025-07-09,2025-07-11,3,Synthetic data for demo,pending,2025-06-20
410,4,annual,2025-07-10,2025-07-13,4,Synthetic data for demo,rejected,2025-06-30
411,108,vacation,2025-07-10,2025-07-10,1,Synthetic data for demo,rejected,2025-06-25
412,120,annual,2025-07-11,2025-07-11,1,Synthetic data for demo,approved,2025-07-09
413,17,annual,2025-07-11,2025-07-11,1,Synthetic data for demo,rejected,2025-06-25
414,73,annual,2025-07-11,2025-07-12,2,Synthetic data for demo,approved,2025-07-09
415,118,sick,2025-07-11,2025-07-13,3,Synthetic data for demo,approved,2025-07-02
416,32,annual,2025-07-12,2025-07-16,5,Synthetic data for demo,approved,2025-07-03
417,89,vacation,2025-07-12,2025-07-14,3,Synthetic data for demo,approved,2025-07-04
418,61,sick,2025-07-12,2025-07-15,4,Synthetic data for demo,approved,2025-07-05
419,81,annual,2025-07-13,2025-07-17,5,Synthetic data for demo,pending,2025-07-02
420,101,sick,2025-07-13,2025-07-17,5,Synthetic data for demo,approved,2025-07-02
421,112,sick,2025-07-14,2025-07-15,2,Synthetic data for demo,rejected,2025-07-03
422,32,personal,2025-07-14,2025-07-14,1,Synthetic data for demo,rejected,2025-07-13
423,9,personal,2025-07-14,2025-07-15,2,Synthetic data for demo,approved,2025-07-09
424,15,emergency,2025-07-16,2025-07-18,3,Synthetic data for demo,approved,2025-07-07
425,19,sick,2025-07-16,2025-07-19,4,Synthetic data for demo,approved,2025-06-27
426,38,vacation,2025-07-16,2025-07-20,5,Synthetic data for demo,pending,2025-06-28
427,82,vacation,2025-07-18,2025-07-20,3,Synthetic data for demo,approved,2025-07-07
428,108,vacation,2025-07-18,2025-07-20,3,Synthetic data for demo,approved,2025-07-04
429,71,personal,2025-07-18,2025-07-18,1,Synthetic data for demo,approved,2025-07-06
430,79,sick,2025-07-18,2025-07-21,4,Synthetic data for demo,rejected,2025-06-29
431,103,vacation,2025-07-19,2025-07-20,2,Synthetic data for demo,approved,2025-07-10
432,80,sick,2025-07-21,2025-07-22,2,Synthetic data for demo,approved,2025-07-15
433,76,vacation,2025-07-21,2025-07-22,2,Synthetic data for demo,approved,2025-07-14
434,15,annual,2025-07-22,2025-07-26,5,Synthetic data for demo,approved,2025-07-08
435,52,emergency,2025-07-22,2025-07-24,3,Synthetic data for demo,approved,2025-07-03
436,3,personal,2025-07-22,2025-07-22,1,Synthetic data for demo,approved,2025-07-08
437,91,personal,2025-07-22,2025-07-22,1,Synthetic data for demo,pending,2025-07-08
438,12,sick,2025-07-23,2025-07-25,3,Synthetic data for demo,pending,2025-07-08
439,78,vacation,2025-07-23,2025-07-23,1,Synthetic data for demo,approved,2025-07-19
440,85,sick,2025-07-23,2025-07-26,4,Synthetic data for demo,approved,2025-07-13
441,107,annual,2025-07-23,2025-07-23,1,Synthetic data for demo,approved,2025-07-19
442,24,emergency,2025-07-23,2025-07-27,5,Synthetic data for demo,approved,2025-07-18
443,37,emergency,2025-07-24,2025-07-27,4,Synthetic data for demo,approved,2025-07-23
444,53,vacation,2025-07-25,2025-07-28,4,Synthetic data for demo,approved,2025-07-15
445,36,annual,2025-07-25,2025-07-27,3,Synthetic data for demo,pending,2025-07-09
446,10,vacation,2025-07-25,2025-07-25,1,Synthetic data for demo,approved,2025-07-21
447,18,sick,2025-07-25,2025-07-26,2,Synthetic data for demo,rejected,2025-07-09
448,60,annual,2025-07-25,2025-07-29,5,Synthetic data for demo,approved,2025-07-24
449,4,sick,2025-07-25,2025-07-27,3,Synthetic data for demo,approved,2025-07-17
450,119,personal,2025-07-26,2025-07-28,3,Synthetic data for demo,approved,2025-07-16
451,89,emergency,2025-07-27,2025-07-29,3,Synthetic data for demo,pending,2025-07-11
452,45,personal,2025-07-27,2025-07-30,4,Synthetic data for demo,approved,2025-07-25
453,88,vacation,2025-07-28,2025-07-28,1,Synthetic data for demo,approved,2025-07-14
454,119,annual,2025-07-28,2025-08-01,5,Synthetic data for demo,approved,2025-07-22
455,3,vacation,2025-07-30,2025-07-31,2,Synthetic data for demo,approved,2025-07-14
456,4,unpaid,2025-07-30,2025-08-01,3,Synthetic data for demo,approved,2025-07-19
457,100,vacation,2025-08-01,2025-08-03,3,Synthetic data for demo,approved,2025-07-26
458,56,vacation,2025-08-01,2025-08-04,4,Synthetic data for demo,approved,2025-07-26
459,104,sick,2025-08-01,2025-08-02,2,Synthetic data for demo,pending,2025-07-27
460,73,sick,2025-08-01,2025-08-03,3,Synthetic data for demo,rejected,2025-07-18
461,12,sick,2025-08-01,2025-08-02,2,Synthetic data for demo,approved,2025-07-29
462,6,annual,2025-08-01,2025-08-01,1,Synthetic data for demo,approved,2025-07-13
463,102,emergency,2025-08-02,2025-08-04,3,Synthetic data for demo,approved,2025-07-22
464,2,sick,2025-08-03,2025-08-04,2,Synthetic data for demo,approved,2025-07-23
465,27,emergency,2025-08-03,2025-08-06,4,Synthetic data for demo,pending,2025-07-26
466,97,vacation,2025-08-03,2025-08-05,3,Synthetic data for demo,approved,2025-07-23
467,65,vacation,2025-08-04,2025-08-05,2,Synthetic data for demo,approved,2025-08-01
468,118,sick,2025-08-04,2025-08-06,3,Synthetic data for demo,pending,2025-07-20
469,15,sick,2025-08-04,2025-08-07,4,Synthetic data for demo,approved,2025-07-20
470,19,emergency,2025-08-04,2025-08-08,5,Synthetic data for demo,approved,2025-08-02
471,84,personal,2025-08-04,2025-08-05,2,Synthetic data for demo,rejected,2025-07-20
472,23,personal,2025-08-05,2025-08-09,5,Synthetic data for demo,approved,2025-07-28
473,53,emergency,2025-08-05,2025-08-06,2,Synthetic data for demo,approved,2025-07-17
474,1,personal,2025-08-05,2025-08-06,2,Synthetic data for demo,approved,2025-07-20
475,69,emergency,2025-08-07,2025-08-07,1,Synthetic data for demo,rejected,2025-07-25
476,96,personal,2025-08-07,2025-08-10,4,Synthetic data for demo,approved,2025-07-23
477,13,vacation,2025-08-07,2025-08-11,5,Synthetic data for demo,pending,2025-07-27
478,72,vacation,2025-08-08,2025-08-08,1,Synthetic data for demo,rejected,2025-07-25
479,46,personal,2025-08-08,2025-08-10,3,Synthetic data for demo,approved,2025-07-25
480,54,sick,2025-08-09,2025-08-12,4,Synthetic data for demo,approved,2025-08-06
481,20,annual,2025-08-09,2025-08-10,2,Synthetic data for demo,approved,2025-07-21
482,29,sick,2025-08-09,2025-08-10,2,Synthetic data for demo,rejected,2025-08-02
483,111,annual,2025-08-10,2025-08-13,4,Synthetic data for demo,approved,2025-08-06
484,7,annual,2025-08-10,2025-08-14,5,Synthetic data for demo,approved,2025-07-24
485,119,sick,2025-08-10,2025-08-12,3,Synthetic data for demo,rejected,2025-07-28
486,76,annual,2025-08-11,2025-08-14,4,Synthetic data for demo,rejected,2025-07-28
487,34,sick,2025-08-13,2025-08-14,2,Synthetic data for demo,approved,2025-08-11
488,39,sick,2025-08-13,2025-08-17,5,Synthetic data for demo,approved,2025-07-26
489,66,sick,2025-08-13,2025-08-14,2,Synthetic data for demo,approved,2025-08-09
490,97,personal,2025-08-13,2025-08-14,2,Synthetic data for demo,pending,2025-08-04
491,19,annual,2025-08-13,2025-08-13,1,Synthetic data for demo,rejected,2025-07-26
492,5,personal,2025-08-14,2025-08-18,5,Synthetic data for demo,rejected,2025-08-11
493,46,sick,2025-08-14,2025-08-18,5,Synthetic data for demo,approved,2025-08-04
494,1,vacation,2025-08-14,2025-08-16,3,Synthetic data for demo,approved,2025-08-11
495,64,vacation,2025-08-14,2025-08-14,1,Synthetic data for demo,approved,2025-07-26
496,66,vacation,2025-08-15,2025-08-15,1,Synthetic data for demo,pending,2025-08-02
497,40,emergency,2025-08-15,2025-08-16,2,Synthetic data for demo,approved,2025-08-10
498,32,vacation,2025-08-15,2025-08-19,5,Synthetic data for demo,approved,2025-08-14
499,58,sick,2025-08-16,2025-08-16,1,Synthetic data for demo,approved,2025-08-14
500,120,sick,2025-08-16,2025-08-19,4,Synthetic data for demo,rejected,2025-08-05
501,58,personal,2025-08-16,2025-08-20,5,Synthetic data for demo,approved,2025-08-11
502,84,annual,2025-08-16,2025-08-20,5,Synthetic data for demo,pending,2025-08-13
503,24,sick,2025-08-18,2025-08-21,4,Synthetic data for demo,approved,2025-08-09
504,25,vacation,2025-08-18,2025-08-18,1,Synthetic data for demo,approved,2025-08-01
505,93,annual,2025-08-18,2025-08-21,4,Synthetic data for demo,approved,2025-08-05
506,45,annual,2025-08-19,2025-08-21,3,Synthetic data for demo,pending,2025-08-10
507,50,emergency,2025-08-19,2025-08-21,3,Synthetic data for demo,rejected,2025-08-10
508,97,emergency,2025-08-21,2025-08-22,2,Synthetic data for demo,approved,2025-08-15
509,17,sick,2025-08-22,2025-08-24,3,Synthetic data for demo,pending,2025-08-11
510,99,annual,2025-08-22,2025-08-23,2,Synthetic data for demo,pending,2025-08-05
511,43,annual,2025-08-22,2025-08-23,2,Synthetic data for demo,approved,2025-08-19
512,51,personal,2025-08-22,2025-08-23,2,Synthetic data for demo,approved,2025-08-15
513,81,sick,2025-08-22,2025-08-23,2,Synthetic data for demo,approved,2025-08-06
514,107,sick,2025-08-23,2025-08-24,2,Synthetic data for demo,approved,2025-08-07
515,86,emergency,2025-08-23,2025-08-26,4,Synthetic data for demo,approved,2025-08-17
516,104,vacation,2025-08-23,2025-08-27,5,Synthetic data for demo,rejected,2025-08-06
517,9,annual,2025-08-24,2025-08-26,3,Synthetic data for demo,approved,2025-08-16
518,68,sick,2025-08-24,2025-08-27,4,Synthetic data for demo,rejected,2025-08-19
519,83,vacation,2025-08-24,2025-08-25,2,Synthetic data for demo,approved,2025-08-20
520,59,annual,2025-08-24,2025-08-25,2,Synthetic data for demo,approved,2025-08-06
521,89,vacation,2025-08-24,2025-08-26,3,Synthetic data for demo,approved,2025-08-13
522,54,vacation,2025-08-24,2025-08-26,3,Synthetic data for demo,approved,2025-08-15
523,97,annual,2025-08-25,2025-08-26,2,Synthetic data for demo,approved,2025-08-22
524,80,emergency,2025-08-25,2025-08-26,2,Synthetic data for demo,approved,2025-08-10
525,81,vacation,2025-08-25,2025-08-27,3,Synthetic data for demo,pending,2025-08-15
526,47,annual,2025-08-25,2025-08-26,2,Synthetic data for demo,pending,2025-08-15
527,105,sick,2025-08-25,2025-08-29,5,Synthetic data for demo,approved,2025-08-09
528,114,annual,2025-08-25,2025-08-26,2,Synthetic data for demo,approved,2025-08-12
529,64,annual,2025-08-26,2025-08-27,2,Synthetic data for demo,approved,2025-08-21
530,68,unpaid,2025-08-26,2025-08-29,4,Synthetic data for demo,approved,2025-08-20
531,30,sick,2025-08-26,2025-08-26,1,Synthetic data for demo,approved,2025-08-09
532,51,personal,2025-08-27,2025-08-29,3,Synthetic data for demo,rejected,2025-08-22
533,43,vacation,2025-08-27,2025-08-29,3,Synthetic data for demo,rejected,2025-08-23
534,20,annual,2025-08-28,2025-08-29,2,Synthetic data for demo,approved,2025-08-14
535,72,sick,2025-08-29,2025-08-31,3,Synthetic data for demo,approved,2025-08-24
536,85,personal,2025-08-29,2025-09-02,5,Synthetic data for demo,rejected,2025-08-27
537,65,annual,2025-08-29,2025-08-29,1,Synthetic data for demo,approved,2025-08-19
538,94,vacation,2025-08-30,2025-09-03,5,Synthetic data for demo,approved,2025-08-29
539,69,annual,2025-08-31,2025-09-04,5,Synthetic data for demo,pending,2025-08-21
540,84,emergency,2025-08-31,2025-09-02,3,Synthetic data for demo,approved,2025-08-21
541,38,sick,2025-09-01,2025-09-03,3,Synthetic data for demo,approved,2025-08-14
542,11,annual,2025-09-01,2025-09-04,4,Synthetic data for demo,pending,2025-08-26
543,20,annual,2025-09-01,2025-09-02,2,Synthetic data for demo,approved,2025-08-15
544,13,sick,2025-09-02,2025-09-03,2,Synthetic data for demo,approved,2025-08-18
545,13,personal,2025-09-02,2025-09-03,2,Synthetic data for demo,approved,2025-08-26
546,92,emergency,2025-09-02,2025-09-05,4,Synthetic data for demo,approved,2025-08-22
547,113,emergency,2025-09-03,2025-09-04,2,Synthetic data for demo,rejected,2025-08-15
548,10,personal,2025-09-03,2025-09-05,3,Synthetic data for demo,approved,2025-08-23
549,82,personal,2025-09-04,2025-09-07,4,Synthetic data for demo,approved,2025-09-01
550,77,emergency,2025-09-04,2025-09-05,2,Synthetic data for demo,approved,2025-08-17
551,20,sick,2025-09-04,2025-09-05,2,Synthetic data for demo,approved,2025-08-18
552,4,personal,2025-09-05,2025-09-07,3,Synthetic data for demo,approved,2025-08-30
553,81,sick,2025-09-06,2025-09-09,4,Synthetic data for demo,pending,2025-08-18
554,118,emergency,2025-09-06,2025-09-06,1,Synthetic data for demo,approved,2025-08-28
555,104,vacation,2025-09-07,2025-09-09,3,Synthetic data for demo,rejected,2025-08-23
556,83,personal,2025-09-07,2025-09-11,5,Synthetic data for demo,approved,2025-08-25
557,95,vacation,2025-09-08,2025-09-10,3,Synthetic data for demo,approved,2025-08-30
558,92,personal,2025-09-08,2025-09-09,2,Synthetic data for demo,approved,2025-08-27
559,8,vacation,2025-09-09,2025-09-10,2,Synthetic data for demo,approved,2025-08-24
560,65,annual,2025-09-09,2025-09-12,4,Synthetic data for demo,approved,2025-08-21
561,52,vacation,2025-09-10,2025-09-12,3,Synthetic data for demo,approved,2025-09-08
562,101,vacation,2025-09-10,2025-09-10,1,Synthetic data for demo,approved,2025-09-04
563,112,sick,2025-09-10,2025-09-13,4,Synthetic data for demo,approved,2025-08-29
564,27,vacation,2025-09-12,2025-09-12,1,Synthetic data for demo,approved,2025-09-04
565,65,sick,2025-09-12,2025-09-12,1,Synthetic data for demo,approved,2025-09-06
566,66,vacation,2025-09-12,2025-09-14,3,Synthetic data for demo,approved,2025-09-01
567,85,sick,2025-09-14,2025-09-14,1,Synthetic data for demo,pending,2025-09-03
568,48,sick,2025-09-15,2025-09-19,5,Synthetic data for demo,approved,2025-09-04
569,51,vacation,2025-09-15,2025-09-17,3,Synthetic data for demo,approved,2025-08-28
570,52,vacation,2025-09-15,2025-09-19,5,Synthetic data for demo,approved,2025-09-09
571,117,sick,2025-09-15,2025-09-17,3,Synthetic data for demo,approved,2025-08-28
572,63,emergency,2025-09-16,2025-09-18,3,Synthetic data for demo,approved,2025-09-09
573,19,emergency,2025-09-17,2025-09-20,4,Synthetic data for demo,approved,2025-08-29
574,105,emergency,2025-09-17,2025-09-17,1,Synthetic data for demo,approved,2025-09-13
575,71,personal,2025-09-18,2025-09-20,3,Synthetic data for demo,approved,2025-09-14
576,87,emergency,2025-09-18,2025-09-22,5,Synthetic data for demo,approved,2025-09-03
577,39,sick,2025-09-18,2025-09-22,5,Synthetic data for demo,approved,2025-09-13
578,35,vacation,2025-09-19,2025-09-19,1,Synthetic data for demo,rejected,2025-09-12
579,3,annual,2025-09-19,2025-09-23,5,Synthetic data for demo,approved,2025-09-17
580,94,sick,2025-09-19,2025-09-21,3,Synthetic data for demo,approved,2025-09-01
581,24,sick,2025-09-19,2025-09-20,2,Synthetic data for demo,approved,2025-09-12
582,30,annual,2025-09-19,2025-09-19,1,Synthetic data for demo,pending,2025-09-03
583,41,vacation,2025-09-21,2025-09-22,2,Synthetic data for demo,approved,2025-09-02
584,22,vacation,2025-09-21,2025-09-21,1,Synthetic data for demo,approved,2025-09-08
585,106,personal,2025-09-22,2025-09-26,5,Synthetic data for demo,approved,2025-09-16
586,87,sick,2025-09-22,2025-09-25,4,Synthetic data for demo,approved,2025-09-12
587,8,personal,2025-09-22,2025-09-26,5,Synthetic data for demo,approved,2025-09-18
588,73,annual,2025-09-22,2025-09-25,4,Synthetic data for demo,approved,2025-09-04
589,66,personal,2025-09-22,2025-09-22,1,Synthetic data for demo,approved,2025-09-13
590,16,unpaid,2025-09-22,2025-09-23,2,Synthetic data for demo,approved,2025-09-10
591,100,personal,2025-09-22,2025-09-24,3,Synthetic data for demo,rejected,2025-09-17
592,40,emergency,2025-09-24,2025-09-24,1,Synthetic data for demo,approved,2025-09-17
593,107,annual,2025-09-24,2025-09-26,3,Synthetic data for demo,approved,2025-09-10
594,70,vacation,2025-09-25,2025-09-26,2,Synthetic data for demo,approved,2025-09-18
595,90,vacation,2025-09-25,2025-09-25,1,Synthetic data for demo,approved,2025-09-14
596,104,personal,2025-09-26,2025-09-29,4,Synthetic data for demo,rejected,2025-09-18
597,46,vacation,2025-09-26,2025-09-26,1,Synthetic data for demo,approved,2025-09-23
598,119,emergency,2025-09-26,2025-09-29,4,Synthetic data for demo,approved,2025-09-14
599,108,annual,2025-09-27,2025-09-28,2,Synthetic data for demo,rejected,2025-09-18
600,54,annual,2025-09-28,2025-09-30,3,Synthetic data for demo,approved,2025-09-26
601,4,personal,2025-09-28,2025-10-01,4,Synthetic data for demo,approved,2025-09-19
602,75,sick,2025-09-28,2025-10-02,5,Synthetic data for demo,approved,2025-09-23
603,28,vacation,2025-09-28,2025-09-30,3,Synthetic data for demo,approved,2025-09-24
604,106,vacation,2025-09-28,2025-09-28,1,Synthetic data for demo,approved,2025-09-19
605,54,sick,2025-09-29,2025-10-01,3,Synthetic data for demo,rejected,2025-09-10
606,65,annual,2025-09-29,2025-10-02,4,Synthetic data for demo,pending,2025-09-16
607,41,vacation,2025-09-30,2025-10-01,2,Synthetic data for demo,approved,2025-09-27
608,37,annual,2025-09-30,2025-10-03,4,Synthetic data for demo,approved,2025-09-12
609,25,sick,2025-10-01,2025-10-02,2,Synthetic data for demo,approved,2025-09-29
610,75,sick,2025-10-01,2025-10-02,2,Synthetic data for demo,pending,2025-09-26
611,24,annual,2025-10-01,2025-10-04,4,Synthetic data for demo,approved,2025-09-16
612,8,vacation,2025-10-01,2025-10-04,4,Synthetic data for demo,approved,2025-09-22
613,23,annual,2025-10-01,2025-10-02,2,Synthetic data for demo,approved,2025-09-25
614,46,personal,2025-10-01,2025-10-04,4,Synthetic data for demo,approved,2025-09-21
615,76,sick,2025-10-01,2025-10-04,4,Synthetic data for demo,approved,2025-09-18
616,111,vacation,2025-10-02,2025-10-03,2,Synthetic data for demo,approved,2025-09-30
617,31,emergency,2025-10-03,2025-10-03,1,Synthetic data for demo,pending,2025-09-30
618,52,annual,2025-10-03,2025-10-05,3,Synthetic data for demo,approved,2025-10-01
619,9,vacation,2025-10-04,2025-10-07,4,Synthetic data for demo,approved,2025-09-22
620,21,unpaid,2025-10-04,2025-10-04,1,Synthetic data for demo,rejected,2025-10-02
621,49,emergency,2025-10-04,2025-10-07,4,Synthetic data for demo,rejected,2025-10-01
622,104,personal,2025-10-05,2025-10-06,2,Synthetic data for demo,approved,2025-09-28
623,9,sick,2025-10-06,2025-10-09,4,Synthetic data for demo,approved,2025-09-18
624,94,unpaid,2025-10-06,2025-10-10,5,Synthetic data for demo,approved,2025-10-04
625,86,sick,2025-10-07,2025-10-09,3,Synthetic data for demo,approved,2025-10-05
626,36,emergency,2025-10-07,2025-10-11,5,Synthetic data for demo,rejected,2025-09-26
627,119,annual,2025-10-08,2025-10-11,4,Synthetic data for demo,approved,2025-10-01
628,98,sick,2025-10-09,2025-10-11,3,Synthetic data for demo,approved,2025-09-20
629,10,emergency,2025-10-09,2025-10-09,1,Synthetic data for demo,approved,2025-09-22
630,4,personal,2025-10-10,2025-10-12,3,Synthetic data for demo,approved,2025-09-26
631,92,personal,2025-10-10,2025-10-11,2,Synthetic data for demo,approved,2025-09-29
632,19,annual,2025-10-10,2025-10-12,3,Synthetic data for demo,pending,2025-09-25
633,29,sick,2025-10-11,2025-10-11,1,Synthetic data for demo,approved,2025-09-29
634,43,emergency,2025-10-11,2025-10-15,5,Synthetic data for demo,approved,2025-09-25
635,81,emergency,2025-10-11,2025-10-11,1,Synthetic data for demo,approved,2025-09-29
636,2,vacation,2025-10-11,2025-10-11,1,Synthetic data for demo,approved,2025-10-04
637,95,emergency,2025-10-12,2025-10-16,5,Synthetic data for demo,approved,2025-10-06
638,78,vacation,2025-10-12,2025-10-12,1,Synthetic data for demo,approved,2025-10-03
639,16,sick,2025-10-12,2025-10-14,3,Synthetic data for demo,approved,2025-10-11
640,87,annual,2025-10-13,2025-10-14,2,Synthetic data for demo,approved,2025-09-29
641,111,vacation,2025-10-13,2025-10-13,1,Synthetic data for demo,approved,2025-10-10
642,36,annual,2025-10-13,2025-10-14,2,Synthetic data for demo,pending,2025-10-07
643,57,sick,2025-10-14,2025-10-15,2,Synthetic data for demo,approved,2025-09-28
644,98,personal,2025-10-14,2025-10-15,2,Synthetic data for demo,approved,2025-10-13
645,10,emergency,2025-10-14,2025-10-15,2,Synthetic data for demo,approved,2025-10-12
646,60,annual,2025-10-15,2025-10-15,1,Synthetic data for demo,pending,2025-10-08
647,17,personal,2025-10-16,2025-10-16,1,Synthetic data for demo,approved,2025-10-09
648,77,sick,2025-10-16,2025-10-19,4,Synthetic data for demo,approved,2025-10-14
649,12,sick,2025-10-16,2025-10-20,5,Synthetic data for demo,approved,2025-10-03
650,17,sick,2025-10-16,2025-10-18,3,Synthetic data for demo,approved,2025-10-07
651,43,emergency,2025-10-16,2025-10-19,4,Synthetic data for demo,approved,2025-10-04
652,29,unpaid,2025-10-16,2025-10-18,3,Synthetic data for demo,rejected,2025-09-27
653,17,vacation,2025-10-17,2025-10-21,5,Synthetic data for demo,approved,2025-09-30
654,120,emergency,2025-10-17,2025-10-18,2,Synthetic data for demo,approved,2025-10-16
655,14,annual,2025-10-19,2025-10-23,5,Synthetic data for demo,approved,2025-10-04
656,24,sick,2025-10-20,2025-10-23,4,Synthetic data for demo,approved,2025-10-04
657,38,sick,2025-10-20,2025-10-24,5,Synthetic data for demo,rejected,2025-10-11
658,18,personal,2025-10-20,2025-10-24,5,Synthetic data for demo,rejected,2025-10-02
659,49,annual,2025-10-21,2025-10-23,3,Synthetic data for demo,approved,2025-10-15
660,10,vacation,2025-10-21,2025-10-22,2,Synthetic data for demo,approved,2025-10-14
661,63,vacation,2025-10-22,2025-10-25,4,Synthetic data for demo,approved,2025-10-06
662,24,personal,2025-10-22,2025-10-22,1,Synthetic data for demo,approved,2025-10-06
663,96,sick,2025-10-23,2025-10-27,5,Synthetic data for demo,approved,2025-10-22
664,25,vacation,2025-10-23,2025-10-25,3,Synthetic data for demo,approved,2025-10-05
665,58,emergency,2025-10-23,2025-10-23,1,Synthetic data for demo,approved,2025-10-10
666,38,vacation,2025-10-24,2025-10-26,3,Synthetic data for demo,approved,2025-10-10
667,48,vacation,2025-10-24,2025-10-24,1,Synthetic data for demo,pending,2025-10-13
668,5,annual,2025-10-24,2025-10-24,1,Synthetic data for demo,approved,2025-10-20
669,80,vacation,2025-10-25,2025-10-29,5,Synthetic data for demo,pending,2025-10-24
670,35,emergency,2025-10-26,2025-10-30,5,Synthetic data for demo,pending,2025-10-15
671,63,vacation,2025-10-26,2025-10-28,3,Synthetic data for demo,approved,2025-10-18
672,84,unpaid,2025-10-26,2025-10-29,4,Synthetic data for demo,rejected,2025-10-25
673,14,emergency,2025-10-27,2025-10-29,3,Synthetic data for demo,approved,2025-10-14
674,64,personal,2025-10-27,2025-10-31,5,Synthetic data for demo,pending,2025-10-26
675,106,annual,2025-10-27,2025-10-29,3,Synthetic data for demo,approved,2025-10-17
676,95,sick,2025-10-28,2025-10-31,4,Synthetic data for demo,approved,2025-10-17
677,7,personal,2025-10-29,2025-10-29,1,Synthetic data for demo,approved,2025-10-14
678,42,personal,2025-10-30,2025-10-30,1,Synthetic data for demo,approved,2025-10-13
679,106,annual,2025-10-30,2025-11-01,3,Synthetic data for demo,approved,2025-10-14
680,22,unpaid,2025-10-30,2025-11-01,3,Synthetic data for demo,approved,2025-10-15
681,10,personal,2025-10-30,2025-11-03,5,Synthetic data for demo,approved,2025-10-23
682,72,vacation,2025-10-31,2025-11-03,4,Synthetic data for demo,approved,2025-10-27
683,106,annual,2025-10-31,2025-11-01,2,Synthetic data for demo,approved,2025-10-30
684,82,sick,2025-11-01,2025-11-01,1,Synthetic data for demo,pending,2025-10-31
685,77,annual,2025-11-01,2025-11-04,4,Synthetic data for demo,pending,2025-10-31
686,3,annual,2025-11-01,2025-11-02,2,Synthetic data for demo,rejected,2025-10-23
687,42,vacation,2025-11-01,2025-11-01,1,Synthetic data for demo,rejected,2025-10-30
688,96,unpaid,2025-11-02,2025-11-06,5,Synthetic data for demo,approved,2025-10-24
689,96,vacation,2025-11-02,2025-11-04,3,Synthetic data for demo,approved,2025-10-19
690,10,personal,2025-11-03,2025-11-07,5,Synthetic data for demo,approved,2025-10-30
691,90,emergency,2025-11-03,2025-11-04,2,Synthetic data for demo,approved,2025-10-19
692,75,personal,2025-11-03,2025-11-05,3,Synthetic data for demo,approved,2025-10-15
693,103,personal,2025-11-03,2025-11-04,2,Synthetic data for demo,rejected,2025-10-31
694,28,emergency,2025-11-03,2025-11-06,4,Synthetic data for demo,approved,2025-10-26
695,103,vacation,2025-11-03,2025-11-07,5,Synthetic data for demo,approved,2025-10-23
696,52,emergency,2025-11-04,2025-11-08,5,Synthetic data for demo,approved,2025-10-25
697,116,emergency,2025-11-04,2025-11-04,1,Synthetic data for demo,pending,2025-10-16
698,54,emergency,2025-11-04,2025-11-08,5,Synthetic data for demo,approved,2025-10-18
699,21,vacation,2025-11-05,2025-11-08,4,Synthetic data for demo,approved,2025-10-26
700,82,sick,2025-11-05,2025-11-05,1,Synthetic data for demo,rejected,2025-10-17
701,59,sick,2025-11-05,2025-11-09,5,Synthetic data for demo,approved,2025-11-04
702,1,emergency,2025-11-05,2025-11-05,1,Synthetic data for demo,rejected,2025-10-24
703,28,vacation,2025-11-06,2025-11-07,2,Synthetic data for demo,approved,2025-10-20
704,57,vacation,2025-11-07,2025-11-11,5,Synthetic data for demo,approved,2025-10-19
705,30,annual,2025-11-07,2025-11-11,5,Synthetic data for demo,approved,2025-11-01
706,42,personal,2025-11-07,2025-11-08,2,Synthetic data for demo,rejected,2025-11-01
707,113,annual,2025-11-07,2025-11-09,3,Synthetic data for demo,approved,2025-10-29
708,62,unpaid,2025-11-08,2025-11-09,2,Synthetic data for demo,pending,2025-10-23
709,2,annual,2025-11-08,2025-11-10,3,Synthetic data for demo,approved,2025-11-04
710,92,sick,2025-11-08,2025-11-09,2,Synthetic data for demo,approved,2025-11-02
711,17,vacation,2025-11-09,2025-11-13,5,Synthetic data for demo,rejected,2025-11-06
712,120,vacation,2025-11-10,2025-11-11,2,Synthetic data for demo,rejected,2025-11-02
713,36,annual,2025-11-10,2025-11-10,1,Synthetic data for demo,rejected,2025-11-03
714,57,sick,2025-11-10,2025-11-10,1,Synthetic data for demo,pending,2025-10-30
715,105,annual,2025-11-10,2025-11-11,2,Synthetic data for demo,approved,2025-10-22
716,82,sick,2025-11-10,2025-11-11,2,Synthetic data for demo,approved,2025-10-22
717,27,annual,2025-11-10,2025-11-13,4,Synthetic data for demo,approved,2025-11-09
718,31,personal,2025-11-11,2025-11-12,2,Synthetic data for demo,approved,2025-11-01
719,74,vacation,2025-11-12,2025-11-13,2,Synthetic data for demo,approved,2025-10-24
720,30,vacation,2025-11-12,2025-11-13,2,Synthetic data for demo,rejected,2025-11-04
721,81,personal,2025-11-12,2025-11-15,4,Synthetic data for demo,approved,2025-10-26
722,110,sick,2025-11-12,2025-11-15,4,Synthetic data for demo,approved,2025-10-28
723,116,annual,2025-11-13,2025-11-13,1,Synthetic data for demo,rejected,2025-11-08
724,61,vacation,2025-11-13,2025-11-15,3,Synthetic data for demo,approved,2025-11-10
725,98,sick,2025-11-13,2025-11-15,3,Synthetic data for demo,rejected,2025-11-12
726,104,vacation,2025-11-14,2025-11-18,5,Synthetic data for demo,approved,2025-11-10
727,65,vacation,2025-11-14,2025-11-15,2,Synthetic data for demo,approved,2025-11-04
728,20,vacation,2025-11-14,2025-11-17,4,Synthetic data for demo,approved,2025-10-28
729,48,vacation,2025-11-15,2025-11-16,2,Synthetic data for demo,approved,2025-11-08
730,16,vacation,2025-11-15,2025-11-15,1,Synthetic data for demo,approved,2025-11-04
731,102,vacation,2025-11-15,2025-11-18,4,Synthetic data for demo,approved,2025-10-28
732,95,sick,2025-11-16,2025-11-16,1,Synthetic data for demo,approved,2025-11-01
733,119,vacation,2025-11-16,2025-11-18,3,Synthetic data for demo,approved,2025-11-01
734,12,vacation,2025-11-16,2025-11-17,2,Synthetic data for demo,approved,2025-10-28
735,73,sick,2025-11-17,2025-11-20,4,Synthetic data for demo,rejected,2025-11-06
736,119,vacation,2025-11-17,2025-11-19,3,Synthetic data for demo,approved,2025-11-07
737,3,personal,2025-11-18,2025-11-22,5,Synthetic data for demo,approved,2025-11-04
738,10,vacation,2025-11-18,2025-11-18,1,Synthetic data for demo,approved,2025-11-02
739,53,personal,2025-11-19,2025-11-21,3,Synthetic data for demo,pending,2025-11-09
740,18,annual,2025-11-19,2025-11-21,3,Synthetic data for demo,rejected,2025-11-02
741,116,vacation,2025-11-19,2025-11-21,3,Synthetic data for demo,rejected,2025-11-05
742,66,annual,2025-11-19,2025-11-23,5,Synthetic data for demo,approved,2025-11-06
743,70,sick,2025-11-19,2025-11-22,4,Synthetic data for demo,approved,2025-10-31
744,58,annual,2025-11-19,2025-11-22,4,Synthetic data for demo,approved,2025-11-06
745,26,sick,2025-11-19,2025-11-19,1,Synthetic data for demo,approved,2025-11-02
746,2,emergency,2025-11-19,2025-11-19,1,Synthetic data for demo,approved,2025-11-02
747,106,vacation,2025-11-19,2025-11-21,3,Synthetic data for demo,approved,2025-11-15
748,90,vacation,2025-11-19,2025-11-21,3,Synthetic data for demo,rejected,2025-11-07
749,56,vacation,2025-11-20,2025-11-20,1,Synthetic data for demo,approved,2025-11-02
750,30,sick,2025-11-21,2025-11-23,3,Synthetic data for demo,approved,2025-11-05
751,27,emergency,2025-11-21,2025-11-22,2,Synthetic data for demo,approved,2025-11-08
752,113,unpaid,2025-11-21,2025-11-23,3,Synthetic data for demo,rejected,2025-11-08
753,98,unpaid,2025-11-22,2025-11-25,4,Synthetic data for demo,approved,2025-11-12
754,101,annual,2025-11-22,2025-11-24,3,Synthetic data for demo,approved,2025-11-17
755,83,unpaid,2025-11-22,2025-11-26,5,Synthetic data for demo,approved,2025-11-04
756,42,sick,2025-11-23,2025-11-27,5,Synthetic data for demo,approved,2025-11-20
757,15,personal,2025-11-23,2025-11-26,4,Synthetic data for demo,rejected,2025-11-10
758,33,vacation,2025-11-24,2025-11-25,2,Synthetic data for demo,approved,2025-11-18
759,3,sick,2025-11-24,2025-11-26,3,Synthetic data for demo,approved,2025-11-11
760,106,sick,2025-11-25,2025-11-27,3,Synthetic data for demo,approved,2025-11-19
761,47,vacation,2025-11-25,2025-11-25,1,Synthetic data for demo,approved,2025-11-19
762,97,annual,2025-11-25,2025-11-29,5,Synthetic data for demo,approved,2025-11-22
763,65,vacation,2025-11-27,2025-12-01,5,Synthetic data for demo,approved,2025-11-09
764,74,personal,2025-11-27,2025-11-29,3,Synthetic data for demo,approved,2025-11-16
765,86,sick,2025-11-28,2025-12-01,4,Synthetic data for demo,rejected,2025-11-19
766,34,emergency,2025-11-28,2025-12-02,5,Synthetic data for demo,approved,2025-11-15
767,9,vacation,2025-11-29,2025-11-30,2,Synthetic data for demo,approved,2025-11-11
768,45,vacation,2025-11-29,2025-12-01,3,Synthetic data for demo,approved,2025-11-17
769,46,vacation,2025-11-29,2025-12-03,5,Synthetic data for demo,rejected,2025-11-20
770,10,vacation,2025-11-29,2025-12-03,5,Synthetic data for demo,approved,2025-11-28
771,1,annual,2025-11-29,2025-11-30,2,Synthetic data for demo,approved,2025-11-23
772,68,vacation,2025-11-30,2025-12-04,5,Synthetic data for demo,approved,2025-11-26
773,99,unpaid,2025-11-30,2025-11-30,1,Synthetic data for demo,approved,2025-11-26
774,98,emergency,2025-12-01,2025-12-03,3,Synthetic data for demo,pending,2025-11-22
775,86,vacation,2025-12-01,2025-12-02,2,Synthetic data for demo,approved,2025-11-12
776,102,personal,2025-12-02,2025-12-05,4,Synthetic data for demo,approved,2025-11-16
777,111,personal,2025-12-02,2025-12-05,4,Synthetic data for demo,approved,2025-11-26
778,105,sick,2025-12-02,2025-12-02,1,Synthetic data for demo,approved,2025-11-18
779,98,emergency,2025-12-02,2025-12-03,2,Synthetic data for demo,approved,2025-11-21
780,4,annual,2025-12-03,2025-12-05,3,Synthetic data for demo,approved,2025-11-22
781,48,vacation,2025-12-03,2025-12-05,3,Synthetic data for demo,approved,2025-11-23
782,47,vacation,2025-12-03,2025-12-06,4,Synthetic data for demo,approved,2025-11-16
783,105,vacation,2025-12-03,2025-12-04,2,Synthetic data for demo,approved,2025-11-15
784,38,personal,2025-12-03,2025-12-05,3,Synthetic data for demo,rejected,2025-12-01
785,17,vacation,2025-12-04,2025-12-04,1,Synthetic data for demo,approved,2025-11-28
786,35,vacation,2025-12-04,2025-12-07,4,Synthetic data for demo,approved,2025-11-27
787,9,sick,2025-12-04,2025-12-08,5,Synthetic data for demo,approved,2025-11-30
788,100,annual,2025-12-04,2025-12-04,1,Synthetic data for demo,approved,2025-11-19
789,41,annual,2025-12-05,2025-12-09,5,Synthetic data for demo,rejected,2025-12-02
790,9,personal,2025-12-05,2025-12-06,2,Synthetic data for demo,pending,2025-11-16
791,81,vacation,2025-12-05,2025-12-05,1,Synthetic data for demo,approved,2025-11-24
792,16,sick,2025-12-06,2025-12-08,3,Synthetic data for demo,approved,2025-11-26
793,23,sick,2025-12-06,2025-12-08,3,Synthetic data for demo,pending,2025-11-25
794,18,sick,2025-12-07,2025-12-10,4,Synthetic data for demo,approved,2025-12-03
795,79,sick,2025-12-08,2025-12-10,3,Synthetic data for demo,approved,2025-11-29
796,26,vacation,2025-12-08,2025-12-09,2,Synthetic data for demo,approved,2025-11-29
797,27,vacation,2025-12-08,2025-12-08,1,Synthetic data for demo,pending,2025-11-19
798,101,vacation,2025-12-09,2025-12-10,2,Synthetic data for demo,approved,2025-11-26
799,12,vacation,2025-12-09,2025-12-12,4,Synthetic data for demo,approved,2025-12-02
800,37,sick,2025-12-10,2025-12-12,3,Synthetic data for demo,approved,2025-11-24
801,19,sick,2025-12-10,2025-12-11,2,Synthetic data for demo,approved,2025-11-28
802,120,annual,2025-12-10,2025-12-10,1,Synthetic data for demo,approved,2025-12-01
803,68,sick,2025-12-11,2025-12-12,2,Synthetic data for demo,approved,2025-11-27
804,118,vacation,2025-12-11,2025-12-11,1,Synthetic data for demo,pending,2025-11-27
805,22,personal,2025-12-12,2025-12-13,2,Synthetic data for demo,approved,2025-11-26
806,15,vacation,2025-12-12,2025-12-15,4,Synthetic data for demo,rejected,2025-12-06
807,64,annual,2025-12-12,2025-12-13,2,Synthetic data for demo,approved,2025-12-02
808,91,sick,2025-12-12,2025-12-15,4,Synthetic data for demo,approved,2025-11-24
809,63,vacation,2025-12-12,2025-12-13,2,Synthetic data for demo,approved,2025-12-05
810,45,emergency,2025-12-12,2025-12-14,3,Synthetic data for demo,approved,2025-11-23
811,22,vacation,2025-12-12,2025-12-14,3,Synthetic data for demo,rejected,2025-12-05
812,102,annual,2025-12-13,2025-12-15,3,Synthetic data for demo,rejected,2025-11-24
813,91,personal,2025-12-13,2025-12-13,1,Synthetic data for demo,approved,2025-12-10
814,95,vacation,2025-12-14,2025-12-16,3,Synthetic data for demo,approved,2025-12-01
815,120,sick,2025-12-14,2025-12-14,1,Synthetic data for demo,approved,2025-12-05
816,78,personal,2025-12-14,2025-12-14,1,Synthetic data for demo,approved,2025-12-11
817,88,vacation,2025-12-15,2025-12-17,3,Synthetic data for demo,pending,2025-12-04
818,36,personal,2025-12-15,2025-12-17,3,Synthetic data for demo,approved,2025-12-02
819,22,sick,2025-12-17,2025-12-18,2,Synthetic data for demo,approved,2025-12-10
820,18,emergency,2025-12-17,2025-12-20,4,Synthetic data for demo,pending,2025-12-08
821,36,annual,2025-12-18,2025-12-21,4,Synthetic data for demo,rejected,2025-12-16
822,7,annual,2025-12-18,2025-12-21,4,Synthetic data for demo,approved,2025-12-12
823,105,annual,2025-12-19,2025-12-21,3,Synthetic data for demo,approved,2025-12-09
824,59,annual,2025-12-19,2025-12-21,3,Synthetic data for demo,pending,2025-12-03
825,49,unpaid,2025-12-19,2025-12-20,2,Synthetic data for demo,approved,2025-12-18
826,63,vacation,2025-12-19,2025-12-21,3,Synthetic data for demo,pending,2025-12-03
827,77,personal,2025-12-19,2025-12-22,4,Synthetic data for demo,approved,2025-12-16
828,62,personal,2025-12-20,2025-12-20,1,Synthetic data for demo,rejected,2025-12-03
829,7,vacation,2025-12-21,2025-12-22,2,Synthetic data for demo,approved,2025-12-19
830,4,emergency,2025-12-21,2025-12-24,4,Synthetic data for demo,approved,2025-12-12
831,119,personal,2025-12-21,2025-12-22,2,Synthetic data for demo,approved,2025-12-12
832,50,sick,2025-12-22,2025-12-26,5,Synthetic data for demo,approved,2025-12-17
833,25,personal,2025-12-22,2025-12-25,4,Synthetic data for demo,pending,2025-12-16
834,86,vacation,2025-12-23,2025-12-23,1,Synthetic data for demo,approved,2025-12-10
835,56,unpaid,2025-12-23,2025-12-24,2,Synthetic data for demo,pending,2025-12-09
836,42,unpaid,2025-12-24,2025-12-27,4,Synthetic data for demo,approved,2025-12-11
837,108,emergency,2025-12-24,2025-12-27,4,Synthetic data for demo,approved,2025-12-21
838,110,sick,2025-12-25,2025-12-25,1,Synthetic data for demo,approved,2025-12-20
839,10,emergency,2025-12-25,2025-12-29,5,Synthetic data for demo,rejected,2025-12-14
840,109,personal,2025-12-25,2025-12-26,2,Synthetic data for demo,approved,2025-12-23
841,82,annual,2025-12-26,2025-12-27,2,Synthetic data for demo,approved,2025-12-24
842,74,emergency,2025-12-26,2025-12-30,5,Synthetic data for demo,approved,2025-12-11
843,82,vacation,2025-12-26,2025-12-26,1,Synthetic data for demo,approved,2025-12-11
844,84,personal,2025-12-27,2025-12-27,1,Synthetic data for demo,approved,2025-12-23
845,41,unpaid,2025-12-27,2025-12-27,1,Synthetic data for demo,approved,2025-12-18
846,99,annual,2025-12-29,2025-12-30,2,Synthetic data for demo,approved,2025-12-12
847,22,personal,2025-12-29,2025-12-31,3,Synthetic data for demo,pending,2025-12-24
848,67,vacation,2025-12-31,2025-12-31,1,Synthetic data for demo,pending,2025-12-22
849,65,personal,2025-12-31,2026-01-03,4,Synthetic data for demo,rejected,2025-12-16
850,55,sick,2026-01-01,2026-01-05,5,Synthetic data for demo,approved,2025-12-20
851,97,vacation,2026-01-01,2026-01-02,2,Synthetic data for demo,approved,2025-12-29
852,55,annual,2026-01-01,2026-01-03,3,Synthetic data for demo,approved,2025-12-15
853,70,annual,2026-01-02,2026-01-06,5,Synthetic data for demo,approved,2025-12-23
854,99,emergency,2026-01-02,2026-01-05,4,Synthetic data for demo,approved,2025-12-23
855,60,annual,2026-01-02,2026-01-06,5,Synthetic data for demo,rejected,2025-12-23
856,120,sick,2026-01-03,2026-01-05,3,Synthetic data for demo,pending,2025-12-26
857,108,emergency,2026-01-03,2026-01-04,2,Synthetic data for demo,approved,2025-12-15
858,43,personal,2026-01-03,2026-01-06,4,Synthetic data for demo,pending,2025-12-31
859,70,personal,2026-01-04,2026-01-08,5,Synthetic data for demo,approved,2025-12-30
860,8,sick,2026-01-04,2026-01-07,4,Synthetic data for demo,rejected,2025-12-23
861,64,emergency,2026-01-05,2026-01-09,5,Synthetic data for demo,rejected,2025-12-27
862,23,vacation,2026-01-05,2026-01-09,5,Synthetic data for demo,approved,2026-01-01
863,16,personal,2026-01-05,2026-01-05,1,Synthetic data for demo,pending,2025-12-29
864,2,personal,2026-01-05,2026-01-08,4,Synthetic data for demo,rejected,2025-12-31
865,32,personal,2026-01-06,2026-01-08,3,Synthetic data for demo,rejected,2025-12-19
866,82,sick,2026-01-07,2026-01-07,1,Synthetic data for demo,approved,2025-12-31
867,8,emergency,2026-01-07,2026-01-08,2,Synthetic data for demo,pending,2025-12-22
868,113,annual,2026-01-07,2026-01-07,1,Synthetic data for demo,approved,2025-12-21
869,57,annual,2026-01-07,2026-01-10,4,Synthetic data for demo,approved,2026-01-05
870,15,personal,2026-01-09,2026-01-09,1,Synthetic data for demo,rejected,2026-01-04
871,42,annual,2026-01-09,2026-01-13,5,Synthetic data for demo,pending,2025-12-26
872,63,annual,2026-01-09,2026-01-11,3,Synthetic data for demo,approved,2026-01-05
873,60,emergency,2026-01-10,2026-01-14,5,Synthetic data for demo,pending,2025-12-31
874,38,personal,2026-01-11,2026-01-15,5,Synthetic data for demo,pending,2025-12-29
875,120,sick,2026-01-11,2026-01-14,4,Synthetic data for demo,approved,2025-12-27
876,5,sick,2026-01-12,2026-01-13,2,Synthetic data for demo,approved,2026-01-10
877,20,personal,2026-01-12,2026-01-13,2,Synthetic data for demo,rejected,2026-01-08
878,88,annual,2026-01-12,2026-01-12,1,Synthetic data for demo,approved,2025-12-24
879,63,vacation,2026-01-13,2026-01-13,1,Synthetic data for demo,pending,2025-12-28
880,99,personal,2026-01-14,2026-01-17,4,Synthetic data for demo,approved,2026-01-11
881,92,vacation,2026-01-15,2026-01-18,4,Synthetic data for demo,rejected,2026-01-11
882,41,annual,2026-01-15,2026-01-15,1,Synthetic data for demo,rejected,2025-12-31
883,72,vacation,2026-01-16,2026-01-17,2,Synthetic data for demo,approved,2026-01-05
884,111,vacation,2026-01-16,2026-01-17,2,Synthetic data for demo,approved,2025-12-30
885,86,sick,2026-01-17,2026-01-20,4,Synthetic data for demo,approved,2025-12-30
886,94,sick,2026-01-18,2026-01-21,4,Synthetic data for demo,approved,2026-01-08
887,28,personal,2026-01-19,2026-01-20,2,Synthetic data for demo,approved,2026-01-11
888,69,vacation,2026-01-19,2026-01-19,1,Synthetic data for demo,approved,2025-12-31
889,37,annual,2026-01-20,2026-01-21,2,Synthetic data for demo,approved,2026-01-15
890,42,sick,2026-01-20,2026-01-21,2,Synthetic data for demo,approved,2026-01-17
891,106,annual,2026-01-20,2026-01-22,3,Synthetic data for demo,approved,2026-01-17
892,83,vacation,2026-01-20,2026-01-21,2,Synthetic data for demo,approved,2026-01-06
893,3,sick,2026-01-21,2026-01-24,4,Synthetic data for demo,approved,2026-01-09
894,85,vacation,2026-01-21,2026-01-25,5,Synthetic data for demo,approved,2026-01-14
895,40,unpaid,2026-01-21,2026-01-24,4,Synthetic data for demo,approved,2026-01-17
896,72,personal,2026-01-21,2026-01-21,1,Synthetic data for demo,pending,2026-01-03
897,29,annual,2026-01-21,2026-01-25,5,Synthetic data for demo,approved,2026-01-15
898,100,unpaid,2026-01-23,2026-01-25,3,Synthetic data for demo,approved,2026-01-14
899,105,vacation,2026-01-23,2026-01-26,4,Synthetic data for demo,pending,2026-01-11
900,34,annual,2026-01-23,2026-01-23,1,Synthetic data for demo,approved,2026-01-20
901,92,personal,2026-01-23,2026-01-25,3,Synthetic data for demo,pending,2026-01-18
902,120,sick,2026-01-23,2026-01-23,1,Synthetic data for demo,approved,2026-01-17
903,81,personal,2026-01-24,2026-01-26,3,Synthetic data for demo,approved,2026-01-23
904,16,vacation,2026-01-24,2026-01-27,4,Synthetic data for demo,approved,2026-01-16
905,47,vacation,2026-01-24,2026-01-27,4,Synthetic data for demo,approved,2026-01-09
906,62,annual,2026-01-24,2026-01-28,5,Synthetic data for demo,approved,2026-01-21
907,104,annual,2026-01-25,2026-01-26,2,Synthetic data for demo,approved,2026-01-11
908,6,emergency,2026-01-26,2026-01-29,4,Synthetic data for demo,approved,2026-01-07
909,67,annual,2026-01-26,2026-01-29,4,Synthetic data for demo,approved,2026-01-19
910,103,personal,2026-01-26,2026-01-28,3,Synthetic data for demo,approved,2026-01-25
911,80,annual,2026-01-26,2026-01-29,4,Synthetic data for demo,approved,2026-01-23
912,111,sick,2026-01-26,2026-01-26,1,Synthetic data for demo,pending,2026-01-13
913,60,unpaid,2026-01-27,2026-01-28,2,Synthetic data for demo,rejected,2026-01-22
914,58,sick,2026-01-28,2026-01-31,4,Synthetic data for demo,approved,2026-01-21
915,31,emergency,2026-01-29,2026-02-01,4,Synthetic data for demo,approved,2026-01-10
916,2,annual,2026-01-29,2026-01-30,2,Synthetic data for demo,approved,2026-01-18
917,80,emergency,2026-01-29,2026-01-30,2,Synthetic data for demo,approved,2026-01-28
918,44,annual,2026-01-30,2026-02-03,5,Synthetic data for demo,rejected,2026-01-26
919,111,vacation,2026-01-30,2026-01-30,1,Synthetic data for demo,approved,2026-01-17
920,82,annual,2026-01-30,2026-02-03,5,Synthetic data for demo,pending,2026-01-13
921,81,annual,2026-01-30,2026-02-02,4,Synthetic data for demo,approved,2026-01-21
922,110,personal,2026-01-30,2026-01-30,1,Synthetic data for demo,approved,2026-01-13
923,49,unpaid,2026-01-31,2026-02-01,2,Synthetic data for demo,approved,2026-01-26
924,22,vacation,2026-01-31,2026-01-31,1,Synthetic data for demo,approved,2026-01-23
